survey_id,pct_hh_below_3.17,pct_hh_below_3.94,pct_hh_below_4.60,pct_hh_below_5.26,pct_hh_below_5.88,pct_hh_below_6.47,pct_hh_below_7.06,pct_hh_below_7.70,pct_hh_below_8.40,pct_hh_below_9.13,pct_hh_below_9.87,pct_hh_below_10.70,pct_hh_below_11.62,pct_hh_below_12.69,pct_hh_below_14.03,pct_hh_below_15.64,pct_hh_below_17.76,pct_hh_below_20.99,pct_hh_below_27.37
400000,0.007647802587598562,0.043249357491731644,0.09949648380279541,0.15608461201190948,0.20083889365196228,0.24685074388980865,0.2897714078426361,0.3430226147174835,0.4073232412338257,0.4729011356830597,0.531943678855896,0.5984233021736145,0.6656173467636108,0.7357157468795776,0.8066276907920837,0.8653382062911987,0.9227697253227234,0.9665613174438477,0.9937186241149902
500000,0.004729395266622305,0.03619447723031044,0.09327295422554016,0.1511944979429245,0.1997813880443573,0.24671053886413574,0.29468485713005066,0.3491329848766327,0.4147738218307495,0.47964996099472046,0.5420550107955933,0.6092236638069153,0.6787264943122864,0.7454743981361389,0.8121035099029541,0.8701016902923584,0.9218856692314148,0.9666045308113098,0.9938352704048157
600000,0.005221452098339796,0.03533346205949783,0.08598687499761581,0.1437602937221527,0.19012607634067535,0.23388056457042694,0.2828582227230072,0.34016650915145874,0.40908095240592957,0.47266387939453125,0.5367193222045898,0.5979219079017639,0.6673353910446167,0.7335538864135742,0.8019580841064453,0.8671627044677734,0.9224327802658081,0.967332661151886,0.9937155842781067
